The main factor preventing subsistence economies from advancing economically is the lack of,a healthcare system.,international trade agreements.,a well-connected transportation infrastructure.,internet access.,a stock exchange.,a currency.,government activity.,professional sports teams.,a well-established education system.,a banking service.,C,ori_mmlu-high_school_geography
The tendency for a population to continue to grow long after replacement fertility has been achieved is called,homeostatic plateau.,demographic imbalance.,population inertia.,demographic momentum.,rapid growth rate.,population momentum.,zero population growth.,fertility transition.,fertility momentum.,demographic transition.,D,ori_mmlu-high_school_geography
The tendency for migration to decrease with distance is called,push factors.,geographic isolation.,migration diffusion.,spatial distribution.,distance decay.,demographic transition.,pull factors.,gravity model.,migration selectivity.,friction of distance.,E,ori_mmlu-high_school_geography
"Which zone contains low-income slums, ethnic ghettos, and general deterioration in Burgess's concentric zone model of urban form?",Outermost,Innermost,Third,First,Transitional,Fifth,Middle,Fourth,Second,Sixth,D,ori_mmlu-high_school_geography
Which of the following statements is TRUE concerning women in the labor force?,The percentage of women in the total labor force declined,Women are equally represented in all sectors of the labor force,Most women work in agriculture,The percentage of women in the labor force is highest in Western Europe,Women spend more hours per day working than men in all regions except Anglo America and Australia,Most women in the labor force work part-time,The percentage of women economically active in the labor force declined worldwide,Women are less likely to work overtime than men,The percentage of women in the labor force is lower in developed countries than in developing countries,Women are less likely to hold managerial or executive positions than men,E,ori_mmlu-high_school_geography
All the following factors can be considered pull factors of migration EXCEPT,better healthcare.,job opportunities.,better schools.,overcrowding.,war.,political freedom.,natural disasters.,safety.,better climate.,lower taxes.,D,ori_mmlu-high_school_geography
Which of the following countries does NOT have a well-known example of a relict boundary?,United Kingdom,Vietnam,Bolivia,South Africa,Germany,France,Australia,China,Russia,Canada,C,ori_mmlu-high_school_geography
Which of the following is a centrifugal force in a country?,Political stability,Geographical unity,A strong economy,An attack by another country,A charismatic national leader,A popular national sport,Shared historical experiences,A common language,Religious differences,A national holiday,I,ori_mmlu-high_school_geography
The first stage of the demographic transition exhibits,low birth rates with declining death rates.,low birth rates with continuing high death rates.,high birth rates with steady death rates.,steadily declining birth rates with high death rates.,high birth rates with declining death rates.,fluctuating birth rates with fluctuating death rates.,declining birth rates with continuing high death rates.,fluctuating birth rates with high death rates.,high birth rates with high but fluctuating death rates.,low birth rates with low but fluctuating death rates.,I,ori_mmlu-high_school_geography
What is the most rapidly growing religion in the United States today?,Wicca,Buddhism,Baha'i,Sikhism,Jainism,Atheism,Christianity,Judaism,Islam,Hinduism,I,ori_mmlu-high_school_geography
The best definition of an urban area is,the central city and its peripheral towns.,the central city and the adjacent counties.,the central city and the nearby forests.,the central city and its surrounding rural areas.,the central city and its surrounding beach areas.,the central city and its surrounding suburbs.,the central city and its nearby industrial zones.,the central city and its developed areas.,the central city and its hinterlands.,the central city and its undeveloped areas.,F,ori_mmlu-high_school_geography
Which of the following religions developed first?,Confucianism,Zoroastrianism,Buddhism,Hinduism,Sikhism,Shinto,Judaism,Islam,Taoism,Christianity,D,ori_mmlu-high_school_geography
The latitude and longitude coordinates of a place are an example of,an arbitrary location.,a relative region.,a functional region.,a topographic location.,a formal region.,a relative location.,a nominal location.,an absolute location.,a geospatial location.,a geographical region.,H,ori_mmlu-high_school_geography
The key factor Thomas Malthus failed to recognize in his population theory was,the role of education in controlling population growth.,the influence of government policies on population control.,the influence of climate change on population sustainability.,the effect of migration on population distribution.,population is limited by their means of subsistence.,wars and famine inhibit population's reproductive capacity.,all populations have the potential to increase more than the actual rate of increase.,technology's ability to raise the Earth's carrying capacity.,the impact of natural disasters on population growth.,the impact of disease outbreaks on population size.,H,ori_mmlu-high_school_geography
Which pair of religions are both universalizing religions?,Christianity and Buddhism,Taoism and Shinto,Judaism and Buddhism,Hinduism and Buddhism,Islam and Sikhism,Taoism and Islam,Shinto and Hinduism,Sikhism and Judaism,Islam and Judaism,Zoroastrianism and Judaism,A,ori_mmlu-high_school_geography
Which urban model theorizes that high-rent residential areas grow outward from the center of the city along major highways with lower-rent inhabitants taking over sequentially?,Star model,Ribbon development model,Urban realms model,Sector model,Concentric zone model,Urban sprawl model,Core-periphery model,Multiple nuclei model,Matrix model,Central place model,D,ori_mmlu-high_school_geography
"A population pyramid, or age-sex structure, displays all the following information about a country's population EXCEPT",the impact of wars on the population.,the literacy rate of the population.,a quick visual depiction of the country's demographics.,the ethnic diversity of the population.,the average life expectancy of the population.,the religion distribution within the population.,the country's economic status.,the potential for political instability.,future social spending needs of the population.,"the impact of ""baby booms"" on the population.",J,ori_mmlu-high_school_geography
The majority of workers in periphery countries are probably employed in which type of activities?,Quaternary,Quinary,Senary,Septenary,Tertiary,Industrial,Informal sector activities,None of the above,Secondary,Primary,J,ori_mmlu-high_school_geography
All of the following are non-basic jobs in the city EXCEPT,local bookstore owner.,restaurant server.,city bus driver.,school teacher.,dry cleaner.,local grocery store owner.,city firefighter.,garment factory worker.,city mayor.,social worker.,H,ori_mmlu-high_school_geography
Which of the following is LEAST associated with the development of alluvial landscapes?,A deep cover of loose materials,Abundance of wildlife,High levels of precipitation,Deep dissection and erosion,The presence of glaciers,Mountainous terrain,Frequent flooding,A predominance of gentle slopes,The presence of large bodies of water,Volcanic activity,D,ori_mmlu-high_school_geography
Which of the following is LEAST self-sufficient in the natural resources needed for modern industry?,Japan,Canada,Australia,France,Brazil,China,United Kingdom,Germany,United States,Russia,A,ori_mmlu-high_school_geography
One of the effects of the east–west orientation of the Alpine mountain system and the northern plains of western and central Europe is that it,prevents any form of communication between eastern and western Europe,provides a corridor for communication between southern and northern Europe,results in extremely harsh winters in the northern plains of Europe,limits the marine climate of Europe to coastal areas,leads to a tropical climate in western and central Europe,allows for the cultivation of Mediterranean crops in northern Europe,causes a desert-like climate in the Alpine mountain system,creates a barrier that prevents animal migration from north to south,enables marine-like climatic conditions to extend eastward into Germany and Poland,effectively prevents population movement between parts of the Mediterranean region,I,ori_mmlu-high_school_geography
The largest Hindu temple complex ever constructed is found in,Vietnam.,Sri Lanka.,Bali.,Thailand.,Bombay.,Cambodia.,Java.,Delhi.,Nepal.,Calcutta.,F,ori_mmlu-high_school_geography
Which of the following could be considered a higher-order central place function?,Community park,Mercedes-Benz dealership,Fast food restaurant,Family doctor,Winn-Dixie grocery store,Public library,Shoe store,High school,Local bakery,Local post office,B,ori_mmlu-high_school_geography
"To get to school in the morning, we ALL use this as our guide:",mental map.,verbal directions.,road map.,star navigation.,world globe.,physical landmarks.,GPS device.,Rand-McNally Road Atlas.,compass.,smartphone navigation app.,A,ori_mmlu-high_school_geography
"Of these, the map using the smallest map scale would be the map of",The Pacific Ocean.,The United States.,Europe.,"Atlanta, Georgia.",Pennsylvania.,the world.,North America.,New York City.,"Main Street, Small Town, Ohio.",Texas.,F,ori_mmlu-high_school_geography
Which of the following jobs is in the non-basic employment sector?,Parking lot attendant,Commercial airline pilot,Chemical plant operator,Oil refinery worker,Restaurant waiter,F-10 pickup truck assembly-line worker,Medical researcher,Aerospace engineer,Software engineer,Agriculture technician,A,ori_mmlu-high_school_geography
Which of the following U.S. main immigration flow associations is NOT correct?,1870–1914—Eastern and southern Europeans,Pioneer settlement to 1870—Hispanics,1965–present—Africans,"Pioneer settlement to 1870—Germans, British, Scotch-Irish, Africans","1870–1914—Germans, British, Scotch-Irish",1965–present—Hispanics,1870–1914—Scandinavians,1870–1914—Asians,Pioneer settlement to 1870—Asians,1965–present—Eastern and southern Europeans,H,ori_mmlu-high_school_geography
Which one of the statements below is characteristic of most African cities?,They have three separate business districts.,There are jobs for most rural-to-urban migrants.,They have extensive public transportation systems.,They have a well-regulated housing market.,They have a well-developed infrastructure.,They have a low cost of living.,They have a low rate of urbanization.,They have high-rise buildings in most parts of the city.,Their population is predominantly of European descent.,"They have thriving, clean residential areas.",A,ori_mmlu-high_school_geography
Which country faces a serious trade disadvantage due to its location?,Canada,Japan,Germany,Australia,Mongolia,Brazil,Italy,Singapore,Spain,United States,E,ori_mmlu-high_school_geography
"In which zone of Burgess's concentric zone model would one find better houses, single-family homes, and higher-rent apartments?",Central Business District,Fifth,Second,Fourth,Sixth,Innermost,Third,First,Outermost,Industrial Zone,G,ori_mmlu-high_school_geography
Which of the following would NOT be considered a barrier to diffusion of a cultural trait?,Mountain ranges,Oceans,Cultural exchange programs,Advanced transportation systems,Religion,Tolerant complaisant citizens,Distance,Dense forests,Language,Open-minded local government,F,ori_mmlu-high_school_geography
New stores opening around a large shopping mall reflect which concept?,Retail clustering,Population density,Gravity concept,Supply and demand,Movement bias,Market saturation,Economic equality,Distance decay,Complementarity,Consumer behavior,E,ori_mmlu-high_school_geography
The birth of an urban industrial workforce in Europe contributed to the start of the,World War I.,Industrial Revolution.,Second Agricultural Revolution.,Fourth Agricultural Revolution.,Enlightenment Era.,Colonial Period.,Technological Revolution.,Renaissance Period.,Third Agricultural Revolution.,First Agricultural Revolution.,C,ori_mmlu-high_school_geography
Which of the following is a formal region?,Dixie,The area influenced by a particular weather system,The Midwest,Pennsylvania,The Pacific Northwest,The catchment area of a local school,The area where a particular language is spoken,The market area of Winn-Dixie,The East Coast,The Southern States,D,ori_mmlu-high_school_geography
Which of the following is NOT an example of syncretism?,Foreign cuisine changed to suit American tastes,Catholicism in Louisiana,Hasidic Judaism,The blending of African and Catholic beliefs in Voodoo,Halloween,The incorporation of Buddhist elements into Shinto in Japan,Orthodox Judaism,The combination of yoga and pilates into yogilates,The incorporation of indigenous rituals into Christianity in Mexico,The fusion of Western pop music with traditional Korean music in K-pop,C,ori_mmlu-high_school_geography
The multiplier effect is,the ratio of urban to suburban workers in an economy.,a ratio of urban to rural workers in an economy.,the addition of non-urban jobs created by the rural economy.,the ratio of non-basic workers to basic workers in an urban economy.,the subtraction of rural jobs created by the urban economy.,the addition of basic workers to a rural economy that has added more non-basic workers.,the addition of rural jobs created by the urban economy.,the addition of non-basic workers to an urban economy that has added more basic workers.,the ratio of city workers to farm workers in an economy.,the elimination of non-basic workers from an urban economy that has lost basic workers.,H,ori_mmlu-high_school_geography
Which of the following countries is actively trying to preserve the purity of their native language from contamination by English or other languages?,Brazil,Australia,Canada,Russia,Japan,United States,Italy,India,South Africa,Germany,E,ori_mmlu-high_school_geography
"You are planning to move from your hometown to Pittsburgh. Along the way, you stop in Columbus, Ohio to visit a relative and fall in love with the city! You decide to stay and make Columbus your new home. This is an example of",intervening opportunity.,periodic movement.,forced migration.,distance decay.,push-pull factors.,step migration.,involuntary migration.,transnational migration.,cyclical movement.,chain migration.,A,ori_mmlu-high_school_geography
Which crop began the Third Agricultural Revolution?,Wheat,Quinoa,Potatoes,Corn,Rye,Oats,Rice,Soybeans,Millet,Barley,G,ori_mmlu-high_school_geography
"If I wanted to ship a small piece of very valuable jewelry to my aunt who lives in Poughkeepsie, which mode of transportation makes the most sense?",Drone,Personal delivery by car,Ship,Walking,Railroad,Truck,Motorcycle,Hoverboard,Bicycle,Air,J,ori_mmlu-high_school_geography
Which of the following is a functional region?,The area surrounding the Great Lakes,The Amazon Rainforest,The Appalachian Mountains,Pennsylvania,The region influenced by the Mississippi River,The Pacific Northwest,The Sahara Desert,The market area of Winn-Dixie,The city of New York,Dixie,H,ori_mmlu-high_school_geography
Which of the following activities are NOT secondary economic activities?,Growing crops,Sewing shirts,Assembling automotive parts,Building houses,Mining copper,Brewing beer,Manufacturing furniture,Refining petroleum,Processing food,Binding books,E,ori_mmlu-high_school_geography
Which of the following entities is a state?,American Samoa,Hong Kong,Gibraltar,The Vatican City,Greenland,Puerto Rico,Marshall Islands,Bermuda,Antarctica,Egypt,J,ori_mmlu-high_school_geography
What is the most abundant fossil fuel?,Methane,Phosphate,Uranium,Oil,Petroleum,Coal,Natural Gas,Shale Gas,Peat,Biomass,F,ori_mmlu-high_school_geography
A city that is more than twice as large as the next largest city in a country is called a,global city.,dominant city.,primate city.,metropolitan city.,superior city.,magnified city.,colossal city.,megalopolis.,world leader city.,giant city.,C,ori_mmlu-high_school_geography
"Part of the boundary between the United States and Mexico is the Rio Grande, an example of",a forest boundary.,a desert boundary.,an artificial boundary.,a man-made canal.,a continental divide.,a mountain range.,a natural boundary.,a watercourse.,a water divider.,an ocean boundary.,G,ori_mmlu-high_school_geography
Which of the following capital cities is located OUTSIDE the central core area of the country?,"Beijing, China","Washington D.C., United States","Paris, France","Cairo, Egypt","London, United Kingdom","Berlin, Germany","Ottawa, Canada","Moscow, Russia","Tokyo, Japan","Abuja, Nigeria",J,ori_mmlu-high_school_geography
The use and spread of English in nineteenth-century India is an example of what type of diffusion?,Hierarchal,Sequential,Contagious,Random,Relocation,Stimulus,Expansion,Reverse,Linear,Conservative,A,ori_mmlu-high_school_geography
Which one of the following North American associations is NOT correct?,Midwest—Asian Americans,Southeast—African Americans,Southern prairie provinces—African Americans,Pacific Northwest—Inuit,New England—Latin Americans,Oklahoma and the Southwest—Native Americans,Alaska and Northern Canada—Hispanic Americans,Appalachia—French Canadians,Quebec and northern Maine—French Americans and French Canadians,Florida—Native Americans,C,ori_mmlu-high_school_geography
Which of the following world regions is NOT considered one of the world's most densely populated regions?,South America,South Asia,North Africa,Northeast United States,Europe,Central Asia,Arctic Circle,Amazon Rainforest,Sahara Desert,Australia,A,ori_mmlu-high_school_geography
Which of the following is NOT a spread effect in the core-periphery model of development?,Rapid urbanization in the core,High density in the core,More infrastructure in the core,Economic stagnation in the periphery,High poverty rates in the periphery,Increased transport costs in the periphery,High cost of labor in the core,Congestion in the core,Increased pollution in the core,Decreased agricultural productivity in the periphery,C,ori_mmlu-high_school_geography
Which one of the following is NOT a centripetal force in a state?,A shared national language,High rates of foreign investment,The existence of strong separatist groups,The national anthem,High rates of internal migration,The existence of national transportation networks,A diverse cultural heritage,A national education system,A high level of confidence in central government,A strong national military,C,ori_mmlu-high_school_geography
China and Vietnam's dispute over the Spratley Islands is,a territorial dispute.,a religious dispute.,a resource dispute.,a cultural dispute.,a historical dispute.,a functional dispute.,a positional dispute.,a political dispute.,an economic dispute.,a strategic dispute.,C,ori_mmlu-high_school_geography
Which of the following is a characteristic of a developed country?,Over 50% of workforce engaged in agriculture,High levels of political instability,Majority of the population lives in rural areas,High rates of urbanization,Women held in inferior place in society,Lower levels of literacy and education,High birth and death rates,Main disease related to age and lifestyle,Dominance of the subsistence economy,Limited access to clean water and sanitation,H,ori_mmlu-high_school_geography
Which of the following items below is an absolute location?,3 degrees south,Next to the Grand Canyon,Washington,In the northern hemisphere,5 minutes away from the nearest gas station,"40.712776, -74.005974 (coordinates for New York City)","479 Elm Street, Muncie, Indiana",Near the Pacific Ocean,Approximately 3000 miles from Los Angeles,10 miles east of Pittsburgh,G,ori_mmlu-high_school_geography
Which of the following is a push factor?,Lower cost of living elsewhere,Good schools for children,An attractive retirement community elsewhere,A bustling city life,Dissatisfaction with current jobs,Availability of public transport,Friendly neighbors,Higher-paying jobs elsewhere,A pleasant climate,Availability of recreational activities,E,ori_mmlu-high_school_geography
Which of the following factors does NOT play a role in gender relationships in a culture or society?,Language,Advancements in technological development,Climate,Religion,Biology,Economic status,Population density,Custom,Education level,Political systems,E,ori_mmlu-high_school_geography
"When a new fashion design is introduced globally, the information initially travels through a process known as",contagious diffusion,innovative diffusion,multidirectional diffusion,cultural diffusion,expansion diffusion,hierarchical diffusion,stimulus diffusion,relocation diffusion,spontaneous diffusion,reverse diffusion,F,ori_mmlu-high_school_geography
Which one of the following is NOT an advantage of urban agriculture?,Beautification of a dingy urban area,Improved air quality,Increase in property values,Helping to solve the problem of solid waste disposal,Increased urban biodiversity,Reduction in carbon footprint,Renewed or purified water supplies,Fresh produce for sale to others,Reduced dependence on fossil fuels,Noise reduction in the city,G,ori_mmlu-high_school_geography
Which of the following is NOT a problem Europe currently faces today?,Lack of population growth,Escalating military spending,Environmental apathy,High rates of illiteracy,Overpopulation,Rising immigration,Urban ethnic ghettos on the rise,Extensive deforestation,Lack of technological advancement,Depletion of natural resources,C,ori_mmlu-high_school_geography
The majority of Kurds are found in which country?,Iraq,Lebanon,Afghanistan,Iran,Egypt,Pakistan,Jordan,Turkey,Syria,Saudi Arabia,H,ori_mmlu-high_school_geography
The theory that cities grow outward from a core utilizing several nodes of growth was proposed by,Christaller.,Ravenstein.,Hotelling.,Hoyt.,Burgess.,Losch.,Weber.,von Thünen.,Harris and Ullmann.,Rostow.,I,ori_mmlu-high_school_geography
"The ""melting pot"" theory of combining several immigrant groups into one mainstream culture is called",fusion theory.,amalgamation theory.,ethnic clustering.,cultural diffusion.,assimilation theory.,diversity theory.,integration theory.,ethnic islands.,ethnocentrism theory.,acculturation.,B,ori_mmlu-high_school_geography
Which one of the following demographic factors characterizes stages 4 and 5 in the demographic transition model?,Low immigration rates,Low life expectancy,High youth dependency ratio,High sex ratios,High population density,Rapidly aging population,Zero population growth,High mortality rates,High birth rates,High fertility rates,G,ori_mmlu-high_school_geography
An isobar map shows lines connecting all points of equal,wind speed,elevation,precipitation,population density,surface temperature,daylight hours,humidity levels,cloud coverage,atmospheric pressure,air quality,I,ori_mmlu-high_school_geography
Ralph purchases garden fertilizer at the nearby garden shop rather than drive 50 miles to the neighboring town for the same product. This reflects which type of spatial interaction?,Distance decay,Absolute distance,Relative location,Intervening opportunity,Complementarity,Geographic scale,Accessibility,Spatial association,Territoriality,Transferability,D,ori_mmlu-high_school_geography
Which of the following factors has little or no impact on mortality rates in the developing countries?,Decline in child labor,Internet access,Access to clean water,Pesticides,Famine relief,Advanced agricultural techniques,Improved birth control methods,Vaccination programs,New medicines,Natural disasters,G,ori_mmlu-high_school_geography
"Variations in vocabulary, pronunciation, and rhythm in a spoken language are called",phonetics.,accents.,isoglosses.,syntax.,semantics.,dialects.,lingual shifts.,lingua francas.,morphemes.,idioms.,F,ori_mmlu-high_school_geography
In which country does language pose a centrifugal force?,Australia,Spain,Russia,Canada,South Africa,Japan,Norway,Brazil,United States,Germany,D,ori_mmlu-high_school_geography
Quebec is a strong example of which of the following situations?,Autonomy,Territorial dispute,Annexation,Irredentism,A colony,Federalism,Devolution,Ethnonationalism,Secession,Neocolonialism,H,ori_mmlu-high_school_geography
A chief factor that contributed to the Second Agricultural Revolution was,the discovery of the plow.,the invention of electricity.,the Renaissance.,the invention of the internet.,World War II.,the discovery of new continents.,the French Revolution.,the Great Depression.,World War I.,the Industrial Revolution.,J,ori_mmlu-high_school_geography
Zero population growth (ZPG) is achieved when,Replacement fertility is achieved.,The population size remains constant for a long period,The population decreases to a certain level and then increases again,Total fertility equals 2,"Birth rate equals death rate, excluding immigration and emigration",Birth rate is less than death rate,CBR – CDR 5 2.,Total fertility 5 3.,Birth rate is twice the death rate,Births 1 immigration 5 deaths 1 emigration.,J,ori_mmlu-high_school_geography
Which of the following industries does NOT need to be close to its markets?,Single-market products,Perishable goods,Fresh produce,Pharmacies,Bulk-reducing products,Dairy foods,Fast food restaurants,High-end fashion products,Bulk-gaining products,Online retail companies,E,ori_mmlu-high_school_geography
Which of the following is NOT a characteristic of a city in the developing world?,High literacy rate and high-quality education system,Contains modern centers of commerce,Has a well-developed infrastructure,High life expectancy rate,Efficient public transportation system,Low levels of pollution,Experiences large in-migrations of rural people into the city,A majority of the population has access to quality healthcare,Low levels of poverty and unemployment,Produces a large share of its country's GDI,C,ori_mmlu-high_school_geography
The construction of freeways leads to all but which of the following results?,Improvement in local wildlife habitats,Decreased dependency on cars,Decreased air pollution,Reduced greenhouse gas emissions,Increased use of cycling and walking paths,Traffic increase,Urban sprawl,Traffic congestion,Increased public transportation use,Decrease in real estate prices in the city center,B,ori_mmlu-high_school_geography
"According to Alfred Weber's least-cost theory, which one of the following costs of production is the most important factor in locating an industry?",Rent,Market demand,Labor,Transport,Raw materials,Energy,Climate,Government regulations,Taxes,Agglomeration costs,D,ori_mmlu-high_school_geography
What was the primary reason the Green Revolution did NOT help Africa much?,African farmers were not trained to use the new agricultural methods.,It required sophisticated machinery.,The Green Revolution was not implemented in Africa due to political instability.,It targeted crops Africans don't grow and eat.,The technologies used in the Green Revolution were not compatible with African soil.,"The Green Revolution did help Africa, but its impact was not significant.",African agricultural production went up without its help.,"It only targeted arid regions, which are not common in Africa.",Population growth has fallen so drastically that Africans don't need the increased food production.,African countries did not have the necessary infrastructure to support the Green Revolution.,D,ori_mmlu-high_school_geography
Which of the following statements is NOT part of Gunnar Myrdal's theory of cumulative causation?,The core will always dominate the periphery.,The economic growth of the core regions and periphery regions are independent of each other.,"Wealth is evenly distributed across all regions, regardless of their level of development.","Regions with initial disadvantages overcome them through attracting labor, capital, and trade.","Regions with initial advantage keep and expand it as they attract labor, capital, and trade.",Developing and developed regions share similarly in wealth through trade.,Underdevelopment of the periphery exists for the benefit of the core.,The periphery will always dominate the core.,Growth and prosperity of the core exists at the expense of the periphery.,Core regions are dependent on the periphery for economic growth.,F,ori_mmlu-high_school_geography
